,StudyHours,Attendance,Marks
StudyHours,1.0,0.027682732002424795,0.02181104978984676
Attendance,0.027682732002424795,1.0,0.030243890712880337
Marks,0.02181104978984676,0.030243890712880337,1.0
